-3.0,-3.0
-3.0,-2.968
-3.0,-2.937
-3.0,-2.905
-3.0,-2.873
-3.0,-2.841
-3.0,-2.81
-3.0,-2.778
-3.0,-2.746
-3.0,-2.714
-3.0,-2.683
-3.0,-2.651
-3.0,-2.619
-3.0,-2.587
-3.0,-2.556
-3.0,-2.524
-3.0,-2.492
-3.0,-2.46
-3.0,-2.429
-3.0,-2.397
-3.0,-2.365
-3.0,-2.333
-3.0,-2.302
-3.0,-2.27
-3.0,-2.238
-3.0,-2.206
-3.0,-2.175
-3.0,-2.143
-3.0,-2.111
-3.0,-2.079
-3.0,-2.048
-3.0,-2.016
-3.0,-1.984
-3.0,-1.952
-3.0,-1.921
-3.0,-1.889
-3.0,-1.857
-3.0,-1.825
-3.0,-1.794
-3.0,-1.762
-3.0,-1.73
-3.0,-1.698
-3.0,-1.667
-3.0,-1.635
-3.0,-1.603
-3.0,-1.571
-3.0,-1.54
-3.0,-1.508
-3.0,-1.476
-3.0,-1.444
-3.0,-1.413
-3.0,-1.381
-3.0,-1.349
-3.0,-1.317
-3.0,-1.286
-3.0,-1.254
-3.0,-1.222
-3.0,-1.19
-3.0,-1.159
-3.0,-1.127
-3.0,-1.095
-3.0,-1.063
-3.0,-1.032
-3.0,-1.0
-2.968,-3.0
-2.968,-2.968
-2.968,-2.937
-2.968,-2.905
-2.968,-2.873
-2.968,-2.841
-2.968,-2.81
-2.968,-2.778
-2.968,-2.746
-2.968,-2.714
-2.968,-2.683
-2.968,-2.651
-2.968,-2.619
-2.968,-2.587
-2.968,-2.556
-2.968,-2.524
-2.968,-2.492
-2.968,-2.46
-2.968,-2.429
-2.968,-2.397
-2.968,-2.365
-2.968,-2.333
-2.968,-2.302
-2.968,-2.27
-2.968,-2.238
-2.968,-2.206
-2.968,-2.175
-2.968,-2.143
-2.968,-2.111
-2.968,-2.079
-2.968,-2.048
-2.968,-2.016
-2.968,-1.984
-2.968,-1.952
-2.968,-1.921
-2.968,-1.889
-2.968,-1.857
-2.968,-1.825
-2.968,-1.794
-2.968,-1.762
-2.968,-1.73
-2.968,-1.698
-2.968,-1.667
-2.968,-1.635
-2.968,-1.603
-2.968,-1.571
-2.968,-1.54
-2.968,-1.508
-2.968,-1.476
-2.968,-1.444
-2.968,-1.413
-2.968,-1.381
-2.968,-1.349
-2.968,-1.317
-2.968,-1.286
-2.968,-1.254
-2.968,-1.222
-2.968,-1.19
-2.968,-1.159
-2.968,-1.127
-2.968,-1.095
-2.968,-1.063
-2.968,-1.032
-2.968,-1.0
-2.937,-3.0
-2.937,-2.968
-2.937,-2.937
-2.937,-2.905
-2.937,-2.873
-2.937,-2.841
-2.937,-2.81
-2.937,-2.778
-2.937,-2.746
-2.937,-2.714
-2.937,-2.683
-2.937,-2.651
-2.937,-2.619
-2.937,-2.587
-2.937,-2.556
-2.937,-2.524
-2.937,-2.492
-2.937,-2.46
-2.937,-2.429
-2.937,-2.397
-2.937,-2.365
-2.937,-2.333
-2.937,-2.302
-2.937,-2.27
-2.937,-2.238
-2.937,-2.206
-2.937,-2.175
-2.937,-2.143
-2.937,-2.111
-2.937,-2.079
-2.937,-2.048
-2.937,-2.016
-2.937,-1.984
-2.937,-1.952
-2.937,-1.921
-2.937,-1.889
-2.937,-1.857
-2.937,-1.825
-2.937,-1.794
-2.937,-1.762
-2.937,-1.73
-2.937,-1.698
-2.937,-1.667
-2.937,-1.635
-2.937,-1.603
-2.937,-1.571
-2.937,-1.54
-2.937,-1.508
-2.937,-1.476
-2.937,-1.444
-2.937,-1.413
-2.937,-1.381
-2.937,-1.349
-2.937,-1.317
-2.937,-1.286
-2.937,-1.254
-2.937,-1.222
-2.937,-1.19
-2.937,-1.159
-2.937,-1.127
-2.937,-1.095
-2.937,-1.063
-2.937,-1.032
-2.937,-1.0
-2.905,-3.0
-2.905,-2.968
-2.905,-2.937
-2.905,-2.905
-2.905,-2.873
-2.905,-2.841
-2.905,-2.81
-2.905,-2.778
-2.905,-2.746
-2.905,-2.714
-2.905,-2.683
-2.905,-2.651
-2.905,-2.619
-2.905,-2.587
-2.905,-2.556
-2.905,-2.524
-2.905,-2.492
-2.905,-2.46
-2.905,-2.429
-2.905,-2.397
-2.905,-2.365
-2.905,-2.333
-2.905,-2.302
-2.905,-2.27
-2.905,-2.238
-2.905,-2.206
-2.905,-2.175
-2.905,-2.143
-2.905,-2.111
-2.905,-2.079
-2.905,-2.048
-2.905,-2.016
-2.905,-1.984
-2.905,-1.952
-2.905,-1.921
-2.905,-1.889
-2.905,-1.857
-2.905,-1.825
-2.905,-1.794
-2.905,-1.762
-2.905,-1.73
-2.905,-1.698
-2.905,-1.667
-2.905,-1.635
-2.905,-1.603
-2.905,-1.571
-2.905,-1.54
-2.905,-1.508
-2.905,-1.476
-2.905,-1.444
-2.905,-1.413
-2.905,-1.381
-2.905,-1.349
-2.905,-1.317
-2.905,-1.286
-2.905,-1.254
-2.905,-1.222
-2.905,-1.19
-2.905,-1.159
-2.905,-1.127
-2.905,-1.095
-2.905,-1.063
-2.905,-1.032
-2.905,-1.0
-2.873,-3.0
-2.873,-2.968
-2.873,-2.937
-2.873,-2.905
-2.873,-2.873
-2.873,-2.841
-2.873,-2.81
-2.873,-2.778
-2.873,-2.746
-2.873,-2.714
-2.873,-2.683
-2.873,-2.651
-2.873,-2.619
-2.873,-2.587
-2.873,-2.556
-2.873,-2.524
-2.873,-2.492
-2.873,-2.46
-2.873,-2.429
-2.873,-2.397
-2.873,-2.365
-2.873,-2.333
-2.873,-2.302
-2.873,-2.27
-2.873,-2.238
-2.873,-2.206
-2.873,-2.175
-2.873,-2.143
-2.873,-2.111
-2.873,-2.079
-2.873,-2.048
-2.873,-2.016
-2.873,-1.984
-2.873,-1.952
-2.873,-1.921
-2.873,-1.889
-2.873,-1.857
-2.873,-1.825
-2.873,-1.794
-2.873,-1.762
-2.873,-1.73
-2.873,-1.698
-2.873,-1.667
-2.873,-1.635
-2.873,-1.603
-2.873,-1.571
-2.873,-1.54
-2.873,-1.508
-2.873,-1.476
-2.873,-1.444
-2.873,-1.413
-2.873,-1.381
-2.873,-1.349
-2.873,-1.317
-2.873,-1.286
-2.873,-1.254
-2.873,-1.222
-2.873,-1.19
-2.873,-1.159
-2.873,-1.127
-2.873,-1.095
-2.873,-1.063
-2.873,-1.032
-2.873,-1.0
-2.841,-3.0
-2.841,-2.968
-2.841,-2.937
-2.841,-2.905
-2.841,-2.873
-2.841,-2.841
-2.841,-2.81
-2.841,-2.778
-2.841,-2.746
-2.841,-2.714
-2.841,-2.683
-2.841,-2.651
-2.841,-2.619
-2.841,-2.587
-2.841,-2.556
-2.841,-2.524
-2.841,-2.492
-2.841,-2.46
-2.841,-2.429
-2.841,-2.397
-2.841,-2.365
-2.841,-2.333
-2.841,-2.302
-2.841,-2.27
-2.841,-2.238
-2.841,-2.206
-2.841,-2.175
-2.841,-2.143
-2.841,-2.111
-2.841,-2.079
-2.841,-2.048
-2.841,-2.016
-2.841,-1.984
-2.841,-1.952
-2.841,-1.921
-2.841,-1.889
-2.841,-1.857
-2.841,-1.825
-2.841,-1.794
-2.841,-1.762
-2.841,-1.73
-2.841,-1.698
-2.841,-1.667
-2.841,-1.635
-2.841,-1.603
-2.841,-1.571
-2.841,-1.54
-2.841,-1.508
-2.841,-1.476
-2.841,-1.444
-2.841,-1.413
-2.841,-1.381
-2.841,-1.349
-2.841,-1.317
-2.841,-1.286
-2.841,-1.254
-2.841,-1.222
-2.841,-1.19
-2.841,-1.159
-2.841,-1.127
-2.841,-1.095
-2.841,-1.063
-2.841,-1.032
-2.841,-1.0
-2.81,-3.0
-2.81,-2.968
-2.81,-2.937
-2.81,-2.905
-2.81,-2.873
-2.81,-2.841
-2.81,-2.81
-2.81,-2.778
-2.81,-2.746
-2.81,-2.714
-2.81,-2.683
-2.81,-2.651
-2.81,-2.619
-2.81,-2.587
-2.81,-2.556
-2.81,-2.524
-2.81,-2.492
-2.81,-2.46
-2.81,-2.429
-2.81,-2.397
-2.81,-2.365
-2.81,-2.333
-2.81,-2.302
-2.81,-2.27
-2.81,-2.238
-2.81,-2.206
-2.81,-2.175
-2.81,-2.143
-2.81,-2.111
-2.81,-2.079
-2.81,-2.048
-2.81,-2.016
-2.81,-1.984
-2.81,-1.952
-2.81,-1.921
-2.81,-1.889
-2.81,-1.857
-2.81,-1.825
-2.81,-1.794
-2.81,-1.762
-2.81,-1.73
-2.81,-1.698
-2.81,-1.667
-2.81,-1.635
-2.81,-1.603
-2.81,-1.571
-2.81,-1.54
-2.81,-1.508
-2.81,-1.476
-2.81,-1.444
-2.81,-1.413
-2.81,-1.381
-2.81,-1.349
-2.81,-1.317
-2.81,-1.286
-2.81,-1.254
-2.81,-1.222
-2.81,-1.19
-2.81,-1.159
-2.81,-1.127
-2.81,-1.095
-2.81,-1.063
-2.81,-1.032
-2.81,-1.0
-2.778,-3.0
-2.778,-2.968
-2.778,-2.937
-2.778,-2.905
-2.778,-2.873
-2.778,-2.841
-2.778,-2.81
-2.778,-2.778
-2.778,-2.746
-2.778,-2.714
-2.778,-2.683
-2.778,-2.651
-2.778,-2.619
-2.778,-2.587
-2.778,-2.556
-2.778,-2.524
-2.778,-2.492
-2.778,-2.46
-2.778,-2.429
-2.778,-2.397
-2.778,-2.365
-2.778,-2.333
-2.778,-2.302
-2.778,-2.27
-2.778,-2.238
-2.778,-2.206
-2.778,-2.175
-2.778,-2.143
-2.778,-2.111
-2.778,-2.079
-2.778,-2.048
-2.778,-2.016
-2.778,-1.984
-2.778,-1.952
-2.778,-1.921
-2.778,-1.889
-2.778,-1.857
-2.778,-1.825
-2.778,-1.794
-2.778,-1.762
-2.778,-1.73
-2.778,-1.698
-2.778,-1.667
-2.778,-1.635
-2.778,-1.603
-2.778,-1.571
-2.778,-1.54
-2.778,-1.508
-2.778,-1.476
-2.778,-1.444
-2.778,-1.413
-2.778,-1.381
-2.778,-1.349
-2.778,-1.317
-2.778,-1.286
-2.778,-1.254
-2.778,-1.222
-2.778,-1.19
-2.778,-1.159
-2.778,-1.127
-2.778,-1.095
-2.778,-1.063
-2.778,-1.032
-2.778,-1.0
-2.746,-3.0
-2.746,-2.968
-2.746,-2.937
-2.746,-2.905
-2.746,-2.873
-2.746,-2.841
-2.746,-2.81
-2.746,-2.778
-2.746,-2.746
-2.746,-2.714
-2.746,-2.683
-2.746,-2.651
-2.746,-2.619
-2.746,-2.587
-2.746,-2.556
-2.746,-2.524
-2.746,-2.492
-2.746,-2.46
-2.746,-2.429
-2.746,-2.397
-2.746,-2.365
-2.746,-2.333
-2.746,-2.302
-2.746,-2.27
-2.746,-2.238
-2.746,-2.206
-2.746,-2.175
-2.746,-2.143
-2.746,-2.111
-2.746,-2.079
-2.746,-2.048
-2.746,-2.016
-2.746,-1.984
-2.746,-1.952
-2.746,-1.921
-2.746,-1.889
-2.746,-1.857
-2.746,-1.825
-2.746,-1.794
-2.746,-1.762
-2.746,-1.73
-2.746,-1.698
-2.746,-1.667
-2.746,-1.635
-2.746,-1.603
-2.746,-1.571
-2.746,-1.54
-2.746,-1.508
-2.746,-1.476
-2.746,-1.444
-2.746,-1.413
-2.746,-1.381
-2.746,-1.349
-2.746,-1.317
-2.746,-1.286
-2.746,-1.254
-2.746,-1.222
-2.746,-1.19
-2.746,-1.159
-2.746,-1.127
-2.746,-1.095
-2.746,-1.063
-2.746,-1.032
-2.746,-1.0
-2.714,-3.0
-2.714,-2.968
-2.714,-2.937
-2.714,-2.905
-2.714,-2.873
-2.714,-2.841
-2.714,-2.81
-2.714,-2.778
-2.714,-2.746
-2.714,-2.714
-2.714,-2.683
-2.714,-2.651
-2.714,-2.619
-2.714,-2.587
-2.714,-2.556
-2.714,-2.524
-2.714,-2.492
-2.714,-2.46
-2.714,-2.429
-2.714,-2.397
-2.714,-2.365
-2.714,-2.333
-2.714,-2.302
-2.714,-2.27
-2.714,-2.238
-2.714,-2.206
-2.714,-2.175
-2.714,-2.143
-2.714,-2.111
-2.714,-2.079
-2.714,-2.048
-2.714,-2.016
-2.714,-1.984
-2.714,-1.952
-2.714,-1.921
-2.714,-1.889
-2.714,-1.857
-2.714,-1.825
-2.714,-1.794
-2.714,-1.762
-2.714,-1.73
-2.714,-1.698
-2.714,-1.667
-2.714,-1.635
-2.714,-1.603
-2.714,-1.571
-2.714,-1.54
-2.714,-1.508
-2.714,-1.476
-2.714,-1.444
-2.714,-1.413
-2.714,-1.381
-2.714,-1.349
-2.714,-1.317
-2.714,-1.286
-2.714,-1.254
-2.714,-1.222
-2.714,-1.19
-2.714,-1.159
-2.714,-1.127
-2.714,-1.095
-2.714,-1.063
-2.714,-1.032
-2.714,-1.0
-2.683,-3.0
-2.683,-2.968
-2.683,-2.937
-2.683,-2.905
-2.683,-2.873
-2.683,-2.841
-2.683,-2.81
-2.683,-2.778
-2.683,-2.746
-2.683,-2.714
-2.683,-2.683
-2.683,-2.651
-2.683,-2.619
-2.683,-2.587
-2.683,-2.556
-2.683,-2.524
-2.683,-2.492
-2.683,-2.46
-2.683,-2.429
-2.683,-2.397
-2.683,-2.365
-2.683,-2.333
-2.683,-2.302
-2.683,-2.27
-2.683,-2.238
-2.683,-2.206
-2.683,-2.175
-2.683,-2.143
-2.683,-2.111
-2.683,-2.079
-2.683,-2.048
-2.683,-2.016
-2.683,-1.984
-2.683,-1.952
-2.683,-1.921
-2.683,-1.889
-2.683,-1.857
-2.683,-1.825
-2.683,-1.794
-2.683,-1.762
-2.683,-1.73
-2.683,-1.698
-2.683,-1.667
-2.683,-1.635
-2.683,-1.603
-2.683,-1.571
-2.683,-1.54
-2.683,-1.508
-2.683,-1.476
-2.683,-1.444
-2.683,-1.413
-2.683,-1.381
-2.683,-1.349
-2.683,-1.317
-2.683,-1.286
-2.683,-1.254
-2.683,-1.222
-2.683,-1.19
-2.683,-1.159
-2.683,-1.127
-2.683,-1.095
-2.683,-1.063
-2.683,-1.032
-2.683,-1.0
-2.651,-3.0
-2.651,-2.968
-2.651,-2.937
-2.651,-2.905
-2.651,-2.873
-2.651,-2.841
-2.651,-2.81
-2.651,-2.778
-2.651,-2.746
-2.651,-2.714
-2.651,-2.683
-2.651,-2.651
-2.651,-2.619
-2.651,-2.587
-2.651,-2.556
-2.651,-2.524
-2.651,-2.492
-2.651,-2.46
-2.651,-2.429
-2.651,-2.397
-2.651,-2.365
-2.651,-2.333
-2.651,-2.302
-2.651,-2.27
-2.651,-2.238
-2.651,-2.206
-2.651,-2.175
-2.651,-2.143
-2.651,-2.111
-2.651,-2.079
-2.651,-2.048
-2.651,-2.016
-2.651,-1.984
-2.651,-1.952
-2.651,-1.921
-2.651,-1.889
-2.651,-1.857
-2.651,-1.825
-2.651,-1.794
-2.651,-1.762
-2.651,-1.73
-2.651,-1.698
-2.651,-1.667
-2.651,-1.635
-2.651,-1.603
-2.651,-1.571
-2.651,-1.54
-2.651,-1.508
-2.651,-1.476
-2.651,-1.444
-2.651,-1.413
-2.651,-1.381
-2.651,-1.349
-2.651,-1.317
-2.651,-1.286
-2.651,-1.254
-2.651,-1.222
-2.651,-1.19
-2.651,-1.159
-2.651,-1.127
-2.651,-1.095
-2.651,-1.063
-2.651,-1.032
-2.651,-1.0
-2.619,-3.0
-2.619,-2.968
-2.619,-2.937
-2.619,-2.905
-2.619,-2.873
-2.619,-2.841
-2.619,-2.81
-2.619,-2.778
-2.619,-2.746
-2.619,-2.714
-2.619,-2.683
-2.619,-2.651
-2.619,-2.619
-2.619,-2.587
-2.619,-2.556
-2.619,-2.524
-2.619,-2.492
-2.619,-2.46
-2.619,-2.429
-2.619,-2.397
-2.619,-2.365
-2.619,-2.333
-2.619,-2.302
-2.619,-2.27
-2.619,-2.238
-2.619,-2.206
-2.619,-2.175
-2.619,-2.143
-2.619,-2.111
-2.619,-2.079
-2.619,-2.048
-2.619,-2.016
-2.619,-1.984
-2.619,-1.952
-2.619,-1.921
-2.619,-1.889
-2.619,-1.857
-2.619,-1.825
-2.619,-1.794
-2.619,-1.762
-2.619,-1.73
-2.619,-1.698
-2.619,-1.667
-2.619,-1.635
-2.619,-1.603
-2.619,-1.571
-2.619,-1.54
-2.619,-1.508
-2.619,-1.476
-2.619,-1.444
-2.619,-1.413
-2.619,-1.381
-2.619,-1.349
-2.619,-1.317
-2.619,-1.286
-2.619,-1.254
-2.619,-1.222
-2.619,-1.19
-2.619,-1.159
-2.619,-1.127
-2.619,-1.095
-2.619,-1.063
-2.619,-1.032
-2.619,-1.0
-2.587,-3.0
-2.587,-2.968
-2.587,-2.937
-2.587,-2.905
-2.587,-2.873
-2.587,-2.841
-2.587,-2.81
-2.587,-2.778
-2.587,-2.746
-2.587,-2.714
-2.587,-2.683
-2.587,-2.651
-2.587,-2.619
-2.587,-2.587
-2.587,-2.556
-2.587,-2.524
-2.587,-2.492
-2.587,-2.46
-2.587,-2.429
-2.587,-2.397
-2.587,-2.365
-2.587,-2.333
-2.587,-2.302
-2.587,-2.27
-2.587,-2.238
-2.587,-2.206
-2.587,-2.175
-2.587,-2.143
-2.587,-2.111
-2.587,-2.079
-2.587,-2.048
-2.587,-2.016
-2.587,-1.984
-2.587,-1.952
-2.587,-1.921
-2.587,-1.889
-2.587,-1.857
-2.587,-1.825
-2.587,-1.794
-2.587,-1.762
-2.587,-1.73
-2.587,-1.698
-2.587,-1.667
-2.587,-1.635
-2.587,-1.603
-2.587,-1.571
-2.587,-1.54
-2.587,-1.508
-2.587,-1.476
-2.587,-1.444
-2.587,-1.413
-2.587,-1.381
-2.587,-1.349
-2.587,-1.317
-2.587,-1.286
-2.587,-1.254
-2.587,-1.222
-2.587,-1.19
-2.587,-1.159
-2.587,-1.127
-2.587,-1.095
-2.587,-1.063
-2.587,-1.032
-2.587,-1.0
-2.556,-3.0
-2.556,-2.968
-2.556,-2.937
-2.556,-2.905
-2.556,-2.873
-2.556,-2.841
-2.556,-2.81
-2.556,-2.778
-2.556,-2.746
-2.556,-2.714
-2.556,-2.683
-2.556,-2.651
-2.556,-2.619
-2.556,-2.587
-2.556,-2.556
-2.556,-2.524
-2.556,-2.492
-2.556,-2.46
-2.556,-2.429
-2.556,-2.397
-2.556,-2.365
-2.556,-2.333
-2.556,-2.302
-2.556,-2.27
-2.556,-2.238
-2.556,-2.206
-2.556,-2.175
-2.556,-2.143
-2.556,-2.111
-2.556,-2.079
-2.556,-2.048
-2.556,-2.016
-2.556,-1.984
-2.556,-1.952
-2.556,-1.921
-2.556,-1.889
-2.556,-1.857
-2.556,-1.825
-2.556,-1.794
-2.556,-1.762
-2.556,-1.73
-2.556,-1.698
-2.556,-1.667
-2.556,-1.635
-2.556,-1.603
-2.556,-1.571
-2.556,-1.54
-2.556,-1.508
-2.556,-1.476
-2.556,-1.444
-2.556,-1.413
-2.556,-1.381
-2.556,-1.349
-2.556,-1.317
-2.556,-1.286
-2.556,-1.254
-2.556,-1.222
-2.556,-1.19
-2.556,-1.159
-2.556,-1.127
-2.556,-1.095
-2.556,-1.063
-2.556,-1.032
-2.556,-1.0
-2.524,-3.0
-2.524,-2.968
-2.524,-2.937
-2.524,-2.905
-2.524,-2.873
-2.524,-2.841
-2.524,-2.81
-2.524,-2.778
-2.524,-2.746
-2.524,-2.714
-2.524,-2.683
-2.524,-2.651
-2.524,-2.619
-2.524,-2.587
-2.524,-2.556
-2.524,-2.524
-2.524,-2.492
-2.524,-2.46
-2.524,-2.429
-2.524,-2.397
-2.524,-2.365
-2.524,-2.333
-2.524,-2.302
-2.524,-2.27
-2.524,-2.238
-2.524,-2.206
-2.524,-2.175
-2.524,-2.143
-2.524,-2.111
-2.524,-2.079
-2.524,-2.048
-2.524,-2.016
-2.524,-1.984
-2.524,-1.952
-2.524,-1.921
-2.524,-1.889
-2.524,-1.857
-2.524,-1.825
-2.524,-1.794
-2.524,-1.762
-2.524,-1.73
-2.524,-1.698
-2.524,-1.667
-2.524,-1.635
-2.524,-1.603
-2.524,-1.571
-2.524,-1.54
-2.524,-1.508
-2.524,-1.476
-2.524,-1.444
-2.524,-1.413
-2.524,-1.381
-2.524,-1.349
-2.524,-1.317
-2.524,-1.286
-2.524,-1.254
-2.524,-1.222
-2.524,-1.19
-2.524,-1.159
-2.524,-1.127
-2.524,-1.095
-2.524,-1.063
-2.524,-1.032
-2.524,-1.0
-2.492,-3.0
-2.492,-2.968
-2.492,-2.937
-2.492,-2.905
-2.492,-2.873
-2.492,-2.841
-2.492,-2.81
-2.492,-2.778
-2.492,-2.746
-2.492,-2.714
-2.492,-2.683
-2.492,-2.651
-2.492,-2.619
-2.492,-2.587
-2.492,-2.556
-2.492,-2.524
-2.492,-2.492
-2.492,-2.46
-2.492,-2.429
-2.492,-2.397
-2.492,-2.365
-2.492,-2.333
-2.492,-2.302
-2.492,-2.27
-2.492,-2.238
-2.492,-2.206
-2.492,-2.175
-2.492,-2.143
-2.492,-2.111
-2.492,-2.079
-2.492,-2.048
-2.492,-2.016
-2.492,-1.984
-2.492,-1.952
-2.492,-1.921
-2.492,-1.889
-2.492,-1.857
-2.492,-1.825
-2.492,-1.794
-2.492,-1.762
-2.492,-1.73
-2.492,-1.698
-2.492,-1.667
-2.492,-1.635
-2.492,-1.603
-2.492,-1.571
-2.492,-1.54
-2.492,-1.508
-2.492,-1.476
-2.492,-1.444
-2.492,-1.413
-2.492,-1.381
-2.492,-1.349
-2.492,-1.317
-2.492,-1.286
-2.492,-1.254
-2.492,-1.222
-2.492,-1.19
-2.492,-1.159
-2.492,-1.127
-2.492,-1.095
-2.492,-1.063
-2.492,-1.032
-2.492,-1.0
-2.46,-3.0
-2.46,-2.968
-2.46,-2.937
-2.46,-2.905
-2.46,-2.873
-2.46,-2.841
-2.46,-2.81
-2.46,-2.778
-2.46,-2.746
-2.46,-2.714
-2.46,-2.683
-2.46,-2.651
-2.46,-2.619
-2.46,-2.587
-2.46,-2.556
-2.46,-2.524
-2.46,-2.492
-2.46,-2.46
-2.46,-2.429
-2.46,-2.397
-2.46,-2.365
-2.46,-2.333
-2.46,-2.302
-2.46,-2.27
-2.46,-2.238
-2.46,-2.206
-2.46,-2.175
-2.46,-2.143
-2.46,-2.111
-2.46,-2.079
-2.46,-2.048
-2.46,-2.016
-2.46,-1.984
-2.46,-1.952
-2.46,-1.921
-2.46,-1.889
-2.46,-1.857
-2.46,-1.825
-2.46,-1.794
-2.46,-1.762
-2.46,-1.73
-2.46,-1.698
-2.46,-1.667
-2.46,-1.635
-2.46,-1.603
-2.46,-1.571
-2.46,-1.54
-2.46,-1.508
-2.46,-1.476
-2.46,-1.444
-2.46,-1.413
-2.46,-1.381
-2.46,-1.349
-2.46,-1.317
-2.46,-1.286
-2.46,-1.254
-2.46,-1.222
-2.46,-1.19
-2.46,-1.159
-2.46,-1.127
-2.46,-1.095
-2.46,-1.063
-2.46,-1.032
-2.46,-1.0
-2.429,-3.0
-2.429,-2.968
-2.429,-2.937
-2.429,-2.905
-2.429,-2.873
-2.429,-2.841
-2.429,-2.81
-2.429,-2.778
-2.429,-2.746
-2.429,-2.714
-2.429,-2.683
-2.429,-2.651
-2.429,-2.619
-2.429,-2.587
-2.429,-2.556
-2.429,-2.524
-2.429,-2.492
-2.429,-2.46
-2.429,-2.429
-2.429,-2.397
-2.429,-2.365
-2.429,-2.333
-2.429,-2.302
-2.429,-2.27
-2.429,-2.238
-2.429,-2.206
-2.429,-2.175
-2.429,-2.143
-2.429,-2.111
-2.429,-2.079
-2.429,-2.048
-2.429,-2.016
-2.429,-1.984
-2.429,-1.952
-2.429,-1.921
-2.429,-1.889
-2.429,-1.857
-2.429,-1.825
-2.429,-1.794
-2.429,-1.762
-2.429,-1.73
-2.429,-1.698
-2.429,-1.667
-2.429,-1.635
-2.429,-1.603
-2.429,-1.571
-2.429,-1.54
-2.429,-1.508
-2.429,-1.476
-2.429,-1.444
-2.429,-1.413
-2.429,-1.381
-2.429,-1.349
-2.429,-1.317
-2.429,-1.286
-2.429,-1.254
-2.429,-1.222
-2.429,-1.19
-2.429,-1.159
-2.429,-1.127
-2.429,-1.095
-2.429,-1.063
-2.429,-1.032
-2.429,-1.0
-2.397,-3.0
-2.397,-2.968
-2.397,-2.937
-2.397,-2.905
-2.397,-2.873
-2.397,-2.841
-2.397,-2.81
-2.397,-2.778
-2.397,-2.746
-2.397,-2.714
-2.397,-2.683
-2.397,-2.651
-2.397,-2.619
-2.397,-2.587
-2.397,-2.556
-2.397,-2.524
-2.397,-2.492
-2.397,-2.46
-2.397,-2.429
-2.397,-2.397
-2.397,-2.365
-2.397,-2.333
-2.397,-2.302
-2.397,-2.27
-2.397,-2.238
-2.397,-2.206
-2.397,-2.175
-2.397,-2.143
-2.397,-2.111
-2.397,-2.079
-2.397,-2.048
-2.397,-2.016
-2.397,-1.984
-2.397,-1.952
-2.397,-1.921
-2.397,-1.889
-2.397,-1.857
-2.397,-1.825
-2.397,-1.794
-2.397,-1.762
-2.397,-1.73
-2.397,-1.698
-2.397,-1.667
-2.397,-1.635
-2.397,-1.603
-2.397,-1.571
-2.397,-1.54
-2.397,-1.508
-2.397,-1.476
-2.397,-1.444
-2.397,-1.413
-2.397,-1.381
-2.397,-1.349
-2.397,-1.317
-2.397,-1.286
-2.397,-1.254
-2.397,-1.222
-2.397,-1.19
-2.397,-1.159
-2.397,-1.127
-2.397,-1.095
-2.397,-1.063
-2.397,-1.032
-2.397,-1.0
-2.365,-3.0
-2.365,-2.968
-2.365,-2.937
-2.365,-2.905
-2.365,-2.873
-2.365,-2.841
-2.365,-2.81
-2.365,-2.778
-2.365,-2.746
-2.365,-2.714
-2.365,-2.683
-2.365,-2.651
-2.365,-2.619
-2.365,-2.587
-2.365,-2.556
-2.365,-2.524
-2.365,-2.492
-2.365,-2.46
-2.365,-2.429
-2.365,-2.397
-2.365,-2.365
-2.365,-2.333
-2.365,-2.302
-2.365,-2.27
-2.365,-2.238
-2.365,-2.206
-2.365,-2.175
-2.365,-2.143
-2.365,-2.111
-2.365,-2.079
-2.365,-2.048
-2.365,-2.016
-2.365,-1.984
-2.365,-1.952
-2.365,-1.921
-2.365,-1.889
-2.365,-1.857
-2.365,-1.825
-2.365,-1.794
-2.365,-1.762
-2.365,-1.73
-2.365,-1.698
-2.365,-1.667
-2.365,-1.635
-2.365,-1.603
-2.365,-1.571
-2.365,-1.54
-2.365,-1.508
-2.365,-1.476
-2.365,-1.444
-2.365,-1.413
-2.365,-1.381
-2.365,-1.349
-2.365,-1.317
-2.365,-1.286
-2.365,-1.254
-2.365,-1.222
-2.365,-1.19
-2.365,-1.159
-2.365,-1.127
-2.365,-1.095
-2.365,-1.063
-2.365,-1.032
-2.365,-1.0
-2.333,-3.0
-2.333,-2.968
-2.333,-2.937
-2.333,-2.905
-2.333,-2.873
-2.333,-2.841
-2.333,-2.81
-2.333,-2.778
-2.333,-2.746
-2.333,-2.714
-2.333,-2.683
-2.333,-2.651
-2.333,-2.619
-2.333,-2.587
-2.333,-2.556
-2.333,-2.524
-2.333,-2.492
-2.333,-2.46
-2.333,-2.429
-2.333,-2.397
-2.333,-2.365
-2.333,-2.333
-2.333,-2.302
-2.333,-2.27
-2.333,-2.238
-2.333,-2.206
-2.333,-2.175
-2.333,-2.143
-2.333,-2.111
-2.333,-2.079
-2.333,-2.048
-2.333,-2.016
-2.333,-1.984
-2.333,-1.952
-2.333,-1.921
-2.333,-1.889
-2.333,-1.857
-2.333,-1.825
-2.333,-1.794
-2.333,-1.762
-2.333,-1.73
-2.333,-1.698
-2.333,-1.667
-2.333,-1.635
-2.333,-1.603
-2.333,-1.571
-2.333,-1.54
-2.333,-1.508
-2.333,-1.476
-2.333,-1.444
-2.333,-1.413
-2.333,-1.381
-2.333,-1.349
-2.333,-1.317
-2.333,-1.286
-2.333,-1.254
-2.333,-1.222
-2.333,-1.19
-2.333,-1.159
-2.333,-1.127
-2.333,-1.095
-2.333,-1.063
-2.333,-1.032
-2.333,-1.0
-2.302,-3.0
-2.302,-2.968
-2.302,-2.937
-2.302,-2.905
-2.302,-2.873
-2.302,-2.841
-2.302,-2.81
-2.302,-2.778
-2.302,-2.746
-2.302,-2.714
-2.302,-2.683
-2.302,-2.651
-2.302,-2.619
-2.302,-2.587
-2.302,-2.556
-2.302,-2.524
-2.302,-2.492
-2.302,-2.46
-2.302,-2.429
-2.302,-2.397
-2.302,-2.365
-2.302,-2.333
-2.302,-2.302
-2.302,-2.27
-2.302,-2.238
-2.302,-2.206
-2.302,-2.175
-2.302,-2.143
-2.302,-2.111
-2.302,-2.079
-2.302,-2.048
-2.302,-2.016
-2.302,-1.984
-2.302,-1.952
-2.302,-1.921
-2.302,-1.889
-2.302,-1.857
-2.302,-1.825
-2.302,-1.794
-2.302,-1.762
-2.302,-1.73
-2.302,-1.698
-2.302,-1.667
-2.302,-1.635
-2.302,-1.603
-2.302,-1.571
-2.302,-1.54
-2.302,-1.508
-2.302,-1.476
-2.302,-1.444
-2.302,-1.413
-2.302,-1.381
-2.302,-1.349
-2.302,-1.317
-2.302,-1.286
-2.302,-1.254
-2.302,-1.222
-2.302,-1.19
-2.302,-1.159
-2.302,-1.127
-2.302,-1.095
-2.302,-1.063
-2.302,-1.032
-2.302,-1.0
-2.27,-3.0
-2.27,-2.968
-2.27,-2.937
-2.27,-2.905
-2.27,-2.873
-2.27,-2.841
-2.27,-2.81
-2.27,-2.778
-2.27,-2.746
-2.27,-2.714
-2.27,-2.683
-2.27,-2.651
-2.27,-2.619
-2.27,-2.587
-2.27,-2.556
-2.27,-2.524
-2.27,-2.492
-2.27,-2.46
-2.27,-2.429
-2.27,-2.397
-2.27,-2.365
-2.27,-2.333
-2.27,-2.302
-2.27,-2.27
-2.27,-2.238
-2.27,-2.206
-2.27,-2.175
-2.27,-2.143
-2.27,-2.111
-2.27,-2.079
-2.27,-2.048
-2.27,-2.016
-2.27,-1.984
-2.27,-1.952
-2.27,-1.921
-2.27,-1.889
-2.27,-1.857
-2.27,-1.825
-2.27,-1.794
-2.27,-1.762
-2.27,-1.73
-2.27,-1.698
-2.27,-1.667
-2.27,-1.635
-2.27,-1.603
-2.27,-1.571
-2.27,-1.54
-2.27,-1.508
-2.27,-1.476
-2.27,-1.444
-2.27,-1.413
-2.27,-1.381
-2.27,-1.349
-2.27,-1.317
-2.27,-1.286
-2.27,-1.254
-2.27,-1.222
-2.27,-1.19
-2.27,-1.159
-2.27,-1.127
-2.27,-1.095
-2.27,-1.063
-2.27,-1.032
-2.27,-1.0
-2.238,-3.0
-2.238,-2.968
-2.238,-2.937
-2.238,-2.905
-2.238,-2.873
-2.238,-2.841
-2.238,-2.81
-2.238,-2.778
-2.238,-2.746
-2.238,-2.714
-2.238,-2.683
-2.238,-2.651
-2.238,-2.619
-2.238,-2.587
-2.238,-2.556
-2.238,-2.524
-2.238,-2.492
-2.238,-2.46
-2.238,-2.429
-2.238,-2.397
-2.238,-2.365
-2.238,-2.333
-2.238,-2.302
-2.238,-2.27
-2.238,-2.238
-2.238,-2.206
-2.238,-2.175
-2.238,-2.143
-2.238,-2.111
-2.238,-2.079
-2.238,-2.048
-2.238,-2.016
-2.238,-1.984
-2.238,-1.952
-2.238,-1.921
-2.238,-1.889
-2.238,-1.857
-2.238,-1.825
-2.238,-1.794
-2.238,-1.762
-2.238,-1.73
-2.238,-1.698
-2.238,-1.667
-2.238,-1.635
-2.238,-1.603
-2.238,-1.571
-2.238,-1.54
-2.238,-1.508
-2.238,-1.476
-2.238,-1.444
-2.238,-1.413
-2.238,-1.381
-2.238,-1.349
-2.238,-1.317
-2.238,-1.286
-2.238,-1.254
-2.238,-1.222
-2.238,-1.19
-2.238,-1.159
-2.238,-1.127
-2.238,-1.095
-2.238,-1.063
-2.238,-1.032
-2.238,-1.0
-2.206,-3.0
-2.206,-2.968
-2.206,-2.937
-2.206,-2.905
-2.206,-2.873
-2.206,-2.841
-2.206,-2.81
-2.206,-2.778
-2.206,-2.746
-2.206,-2.714
-2.206,-2.683
-2.206,-2.651
-2.206,-2.619
-2.206,-2.587
-2.206,-2.556
-2.206,-2.524
-2.206,-2.492
-2.206,-2.46
-2.206,-2.429
-2.206,-2.397
-2.206,-2.365
-2.206,-2.333
-2.206,-2.302
-2.206,-2.27
-2.206,-2.238
-2.206,-2.206
-2.206,-2.175
-2.206,-2.143
-2.206,-2.111
-2.206,-2.079
-2.206,-2.048
-2.206,-2.016
-2.206,-1.984
-2.206,-1.952
-2.206,-1.921
-2.206,-1.889
-2.206,-1.857
-2.206,-1.825
-2.206,-1.794
-2.206,-1.762
-2.206,-1.73
-2.206,-1.698
-2.206,-1.667
-2.206,-1.635
-2.206,-1.603
-2.206,-1.571
-2.206,-1.54
-2.206,-1.508
-2.206,-1.476
-2.206,-1.444
-2.206,-1.413
-2.206,-1.381
-2.206,-1.349
-2.206,-1.317
-2.206,-1.286
-2.206,-1.254
-2.206,-1.222
-2.206,-1.19
-2.206,-1.159
-2.206,-1.127
-2.206,-1.095
-2.206,-1.063
-2.206,-1.032
-2.206,-1.0
-2.175,-3.0
-2.175,-2.968
-2.175,-2.937
-2.175,-2.905
-2.175,-2.873
-2.175,-2.841
-2.175,-2.81
-2.175,-2.778
-2.175,-2.746
-2.175,-2.714
-2.175,-2.683
-2.175,-2.651
-2.175,-2.619
-2.175,-2.587
-2.175,-2.556
-2.175,-2.524
-2.175,-2.492
-2.175,-2.46
-2.175,-2.429
-2.175,-2.397
-2.175,-2.365
-2.175,-2.333
-2.175,-2.302
-2.175,-2.27
-2.175,-2.238
-2.175,-2.206
-2.175,-2.175
-2.175,-2.143
-2.175,-2.111
-2.175,-2.079
-2.175,-2.048
-2.175,-2.016
-2.175,-1.984
-2.175,-1.952
-2.175,-1.921
-2.175,-1.889
-2.175,-1.857
-2.175,-1.825
-2.175,-1.794
-2.175,-1.762
-2.175,-1.73
-2.175,-1.698
-2.175,-1.667
-2.175,-1.635
-2.175,-1.603
-2.175,-1.571
-2.175,-1.54
-2.175,-1.508
-2.175,-1.476
-2.175,-1.444
-2.175,-1.413
-2.175,-1.381
-2.175,-1.349
-2.175,-1.317
-2.175,-1.286
-2.175,-1.254
-2.175,-1.222
-2.175,-1.19
-2.175,-1.159
-2.175,-1.127
-2.175,-1.095
-2.175,-1.063
-2.175,-1.032
-2.175,-1.0
-2.143,-3.0
-2.143,-2.968
-2.143,-2.937
-2.143,-2.905
-2.143,-2.873
-2.143,-2.841
-2.143,-2.81
-2.143,-2.778
-2.143,-2.746
-2.143,-2.714
-2.143,-2.683
-2.143,-2.651
-2.143,-2.619
-2.143,-2.587
-2.143,-2.556
-2.143,-2.524
-2.143,-2.492
-2.143,-2.46
-2.143,-2.429
-2.143,-2.397
-2.143,-2.365
-2.143,-2.333
-2.143,-2.302
-2.143,-2.27
-2.143,-2.238
-2.143,-2.206
-2.143,-2.175
-2.143,-2.143
-2.143,-2.111
-2.143,-2.079
-2.143,-2.048
-2.143,-2.016
-2.143,-1.984
-2.143,-1.952
-2.143,-1.921
-2.143,-1.889
-2.143,-1.857
-2.143,-1.825
-2.143,-1.794
-2.143,-1.762
-2.143,-1.73
-2.143,-1.698
-2.143,-1.667
-2.143,-1.635
-2.143,-1.603
-2.143,-1.571
-2.143,-1.54
-2.143,-1.508
-2.143,-1.476
-2.143,-1.444
-2.143,-1.413
-2.143,-1.381
-2.143,-1.349
-2.143,-1.317
-2.143,-1.286
-2.143,-1.254
-2.143,-1.222
-2.143,-1.19
-2.143,-1.159
-2.143,-1.127
-2.143,-1.095
-2.143,-1.063
-2.143,-1.032
-2.143,-1.0
-2.111,-3.0
-2.111,-2.968
-2.111,-2.937
-2.111,-2.905
-2.111,-2.873
-2.111,-2.841
-2.111,-2.81
-2.111,-2.778
-2.111,-2.746
-2.111,-2.714
-2.111,-2.683
-2.111,-2.651
-2.111,-2.619
-2.111,-2.587
-2.111,-2.556
-2.111,-2.524
-2.111,-2.492
-2.111,-2.46
-2.111,-2.429
-2.111,-2.397
-2.111,-2.365
-2.111,-2.333
-2.111,-2.302
-2.111,-2.27
-2.111,-2.238
-2.111,-2.206
-2.111,-2.175
-2.111,-2.143
-2.111,-2.111
-2.111,-2.079
-2.111,-2.048
-2.111,-2.016
-2.111,-1.984
-2.111,-1.952
-2.111,-1.921
-2.111,-1.889
-2.111,-1.857
-2.111,-1.825
-2.111,-1.794
-2.111,-1.762
-2.111,-1.73
-2.111,-1.698
-2.111,-1.667
-2.111,-1.635
-2.111,-1.603
-2.111,-1.571
-2.111,-1.54
-2.111,-1.508
-2.111,-1.476
-2.111,-1.444
-2.111,-1.413
-2.111,-1.381
-2.111,-1.349
-2.111,-1.317
-2.111,-1.286
-2.111,-1.254
-2.111,-1.222
-2.111,-1.19
-2.111,-1.159
-2.111,-1.127
-2.111,-1.095
-2.111,-1.063
-2.111,-1.032
-2.111,-1.0
-2.079,-3.0
-2.079,-2.968
-2.079,-2.937
-2.079,-2.905
-2.079,-2.873
-2.079,-2.841
-2.079,-2.81
-2.079,-2.778
-2.079,-2.746
-2.079,-2.714
-2.079,-2.683
-2.079,-2.651
-2.079,-2.619
-2.079,-2.587
-2.079,-2.556
-2.079,-2.524
-2.079,-2.492
-2.079,-2.46
-2.079,-2.429
-2.079,-2.397
-2.079,-2.365
-2.079,-2.333
-2.079,-2.302
-2.079,-2.27
-2.079,-2.238
-2.079,-2.206
-2.079,-2.175
-2.079,-2.143
-2.079,-2.111
-2.079,-2.079
-2.079,-2.048
-2.079,-2.016
-2.079,-1.984
-2.079,-1.952
-2.079,-1.921
-2.079,-1.889
-2.079,-1.857
-2.079,-1.825
-2.079,-1.794
-2.079,-1.762
-2.079,-1.73
-2.079,-1.698
-2.079,-1.667
-2.079,-1.635
-2.079,-1.603
-2.079,-1.571
-2.079,-1.54
-2.079,-1.508
-2.079,-1.476
-2.079,-1.444
-2.079,-1.413
-2.079,-1.381
-2.079,-1.349
-2.079,-1.317
-2.079,-1.286
-2.079,-1.254
-2.079,-1.222
-2.079,-1.19
-2.079,-1.159
-2.079,-1.127
-2.079,-1.095
-2.079,-1.063
-2.079,-1.032
-2.079,-1.0
-2.048,-3.0
-2.048,-2.968
-2.048,-2.937
-2.048,-2.905
-2.048,-2.873
-2.048,-2.841
-2.048,-2.81
-2.048,-2.778
-2.048,-2.746
-2.048,-2.714
-2.048,-2.683
-2.048,-2.651
-2.048,-2.619
-2.048,-2.587
-2.048,-2.556
-2.048,-2.524
-2.048,-2.492
-2.048,-2.46
-2.048,-2.429
-2.048,-2.397
-2.048,-2.365
-2.048,-2.333
-2.048,-2.302
-2.048,-2.27
-2.048,-2.238
-2.048,-2.206
-2.048,-2.175
-2.048,-2.143
-2.048,-2.111
-2.048,-2.079
-2.048,-2.048
-2.048,-2.016
-2.048,-1.984
-2.048,-1.952
-2.048,-1.921
-2.048,-1.889
-2.048,-1.857
-2.048,-1.825
-2.048,-1.794
-2.048,-1.762
-2.048,-1.73
-2.048,-1.698
-2.048,-1.667
-2.048,-1.635
-2.048,-1.603
-2.048,-1.571
-2.048,-1.54
-2.048,-1.508
-2.048,-1.476
-2.048,-1.444
-2.048,-1.413
-2.048,-1.381
-2.048,-1.349
-2.048,-1.317
-2.048,-1.286
-2.048,-1.254
-2.048,-1.222
-2.048,-1.19
-2.048,-1.159
-2.048,-1.127
-2.048,-1.095
-2.048,-1.063
-2.048,-1.032
-2.048,-1.0
-2.016,-3.0
-2.016,-2.968
-2.016,-2.937
-2.016,-2.905
-2.016,-2.873
-2.016,-2.841
-2.016,-2.81
-2.016,-2.778
-2.016,-2.746
-2.016,-2.714
-2.016,-2.683
-2.016,-2.651
-2.016,-2.619
-2.016,-2.587
-2.016,-2.556
-2.016,-2.524
-2.016,-2.492
-2.016,-2.46
-2.016,-2.429
-2.016,-2.397
-2.016,-2.365
-2.016,-2.333
-2.016,-2.302
-2.016,-2.27
-2.016,-2.238
-2.016,-2.206
-2.016,-2.175
-2.016,-2.143
-2.016,-2.111
-2.016,-2.079
-2.016,-2.048
-2.016,-2.016
-2.016,-1.984
-2.016,-1.952
-2.016,-1.921
-2.016,-1.889
-2.016,-1.857
-2.016,-1.825
-2.016,-1.794
-2.016,-1.762
-2.016,-1.73
-2.016,-1.698
-2.016,-1.667
-2.016,-1.635
-2.016,-1.603
-2.016,-1.571
-2.016,-1.54
-2.016,-1.508
-2.016,-1.476
-2.016,-1.444
-2.016,-1.413
-2.016,-1.381
-2.016,-1.349
-2.016,-1.317
-2.016,-1.286
-2.016,-1.254
-2.016,-1.222
-2.016,-1.19
-2.016,-1.159
-2.016,-1.127
-2.016,-1.095
-2.016,-1.063
-2.016,-1.032
-2.016,-1.0
-1.984,-3.0
-1.984,-2.968
-1.984,-2.937
-1.984,-2.905
-1.984,-2.873
-1.984,-2.841
-1.984,-2.81
-1.984,-2.778
-1.984,-2.746
-1.984,-2.714
-1.984,-2.683
-1.984,-2.651
-1.984,-2.619
-1.984,-2.587
-1.984,-2.556
-1.984,-2.524
-1.984,-2.492
-1.984,-2.46
-1.984,-2.429
-1.984,-2.397
-1.984,-2.365
-1.984,-2.333
-1.984,-2.302
-1.984,-2.27
-1.984,-2.238
-1.984,-2.206
-1.984,-2.175
-1.984,-2.143
-1.984,-2.111
-1.984,-2.079
-1.984,-2.048
-1.984,-2.016
-1.984,-1.984
-1.984,-1.952
-1.984,-1.921
-1.984,-1.889
-1.984,-1.857
-1.984,-1.825
-1.984,-1.794
-1.984,-1.762
-1.984,-1.73
-1.984,-1.698
-1.984,-1.667
-1.984,-1.635
-1.984,-1.603
-1.984,-1.571
-1.984,-1.54
-1.984,-1.508
-1.984,-1.476
-1.984,-1.444
-1.984,-1.413
-1.984,-1.381
-1.984,-1.349
-1.984,-1.317
-1.984,-1.286
-1.984,-1.254
-1.984,-1.222
-1.984,-1.19
-1.984,-1.159
-1.984,-1.127
-1.984,-1.095
-1.984,-1.063
-1.984,-1.032
-1.984,-1.0
-1.952,-3.0
-1.952,-2.968
-1.952,-2.937
-1.952,-2.905
-1.952,-2.873
-1.952,-2.841
-1.952,-2.81
-1.952,-2.778
-1.952,-2.746
-1.952,-2.714
-1.952,-2.683
-1.952,-2.651
-1.952,-2.619
-1.952,-2.587
-1.952,-2.556
-1.952,-2.524
-1.952,-2.492
-1.952,-2.46
-1.952,-2.429
-1.952,-2.397
-1.952,-2.365
-1.952,-2.333
-1.952,-2.302
-1.952,-2.27
-1.952,-2.238
-1.952,-2.206
-1.952,-2.175
-1.952,-2.143
-1.952,-2.111
-1.952,-2.079
-1.952,-2.048
-1.952,-2.016
-1.952,-1.984
-1.952,-1.952
-1.952,-1.921
-1.952,-1.889
-1.952,-1.857
-1.952,-1.825
-1.952,-1.794
-1.952,-1.762
-1.952,-1.73
-1.952,-1.698
-1.952,-1.667
-1.952,-1.635
-1.952,-1.603
-1.952,-1.571
-1.952,-1.54
-1.952,-1.508
-1.952,-1.476
-1.952,-1.444
-1.952,-1.413
-1.952,-1.381
-1.952,-1.349
-1.952,-1.317
-1.952,-1.286
-1.952,-1.254
-1.952,-1.222
-1.952,-1.19
-1.952,-1.159
-1.952,-1.127
-1.952,-1.095
-1.952,-1.063
-1.952,-1.032
-1.952,-1.0
-1.921,-3.0
-1.921,-2.968
-1.921,-2.937
-1.921,-2.905
-1.921,-2.873
-1.921,-2.841
-1.921,-2.81
-1.921,-2.778
-1.921,-2.746
-1.921,-2.714
-1.921,-2.683
-1.921,-2.651
-1.921,-2.619
-1.921,-2.587
-1.921,-2.556
-1.921,-2.524
-1.921,-2.492
-1.921,-2.46
-1.921,-2.429
-1.921,-2.397
-1.921,-2.365
-1.921,-2.333
-1.921,-2.302
-1.921,-2.27
-1.921,-2.238
-1.921,-2.206
-1.921,-2.175
-1.921,-2.143
-1.921,-2.111
-1.921,-2.079
-1.921,-2.048
-1.921,-2.016
-1.921,-1.984
-1.921,-1.952
-1.921,-1.921
-1.921,-1.889
-1.921,-1.857
-1.921,-1.825
-1.921,-1.794
-1.921,-1.762
-1.921,-1.73
-1.921,-1.698
-1.921,-1.667
-1.921,-1.635
-1.921,-1.603
-1.921,-1.571
-1.921,-1.54
-1.921,-1.508
-1.921,-1.476
-1.921,-1.444
-1.921,-1.413
-1.921,-1.381
-1.921,-1.349
-1.921,-1.317
-1.921,-1.286
-1.921,-1.254
-1.921,-1.222
-1.921,-1.19
-1.921,-1.159
-1.921,-1.127
-1.921,-1.095
-1.921,-1.063
-1.921,-1.032
-1.921,-1.0
-1.889,-3.0
-1.889,-2.968
-1.889,-2.937
-1.889,-2.905
-1.889,-2.873
-1.889,-2.841
-1.889,-2.81
-1.889,-2.778
-1.889,-2.746
-1.889,-2.714
-1.889,-2.683
-1.889,-2.651
-1.889,-2.619
-1.889,-2.587
-1.889,-2.556
-1.889,-2.524
-1.889,-2.492
-1.889,-2.46
-1.889,-2.429
-1.889,-2.397
-1.889,-2.365
-1.889,-2.333
-1.889,-2.302
-1.889,-2.27
-1.889,-2.238
-1.889,-2.206
-1.889,-2.175
-1.889,-2.143
-1.889,-2.111
-1.889,-2.079
-1.889,-2.048
-1.889,-2.016
-1.889,-1.984
-1.889,-1.952
-1.889,-1.921
-1.889,-1.889
-1.889,-1.857
-1.889,-1.825
-1.889,-1.794
-1.889,-1.762
-1.889,-1.73
-1.889,-1.698
-1.889,-1.667
-1.889,-1.635
-1.889,-1.603
-1.889,-1.571
-1.889,-1.54
-1.889,-1.508
-1.889,-1.476
-1.889,-1.444
-1.889,-1.413
-1.889,-1.381
-1.889,-1.349
-1.889,-1.317
-1.889,-1.286
-1.889,-1.254
-1.889,-1.222
-1.889,-1.19
-1.889,-1.159
-1.889,-1.127
-1.889,-1.095
-1.889,-1.063
-1.889,-1.032
-1.889,-1.0
-1.857,-3.0
-1.857,-2.968
-1.857,-2.937
-1.857,-2.905
-1.857,-2.873
-1.857,-2.841
-1.857,-2.81
-1.857,-2.778
-1.857,-2.746
-1.857,-2.714
-1.857,-2.683
-1.857,-2.651
-1.857,-2.619
-1.857,-2.587
-1.857,-2.556
-1.857,-2.524
-1.857,-2.492
-1.857,-2.46
-1.857,-2.429
-1.857,-2.397
-1.857,-2.365
-1.857,-2.333
-1.857,-2.302
-1.857,-2.27
-1.857,-2.238
-1.857,-2.206
-1.857,-2.175
-1.857,-2.143
-1.857,-2.111
-1.857,-2.079
-1.857,-2.048
-1.857,-2.016
-1.857,-1.984
-1.857,-1.952
-1.857,-1.921
-1.857,-1.889
-1.857,-1.857
-1.857,-1.825
-1.857,-1.794
-1.857,-1.762
-1.857,-1.73
-1.857,-1.698
-1.857,-1.667
-1.857,-1.635
-1.857,-1.603
-1.857,-1.571
-1.857,-1.54
-1.857,-1.508
-1.857,-1.476
-1.857,-1.444
-1.857,-1.413
-1.857,-1.381
-1.857,-1.349
-1.857,-1.317
-1.857,-1.286
-1.857,-1.254
-1.857,-1.222
-1.857,-1.19
-1.857,-1.159
-1.857,-1.127
-1.857,-1.095
-1.857,-1.063
-1.857,-1.032
-1.857,-1.0
-1.825,-3.0
-1.825,-2.968
-1.825,-2.937
-1.825,-2.905
-1.825,-2.873
-1.825,-2.841
-1.825,-2.81
-1.825,-2.778
-1.825,-2.746
-1.825,-2.714
-1.825,-2.683
-1.825,-2.651
-1.825,-2.619
-1.825,-2.587
-1.825,-2.556
-1.825,-2.524
-1.825,-2.492
-1.825,-2.46
-1.825,-2.429
-1.825,-2.397
-1.825,-2.365
-1.825,-2.333
-1.825,-2.302
-1.825,-2.27
-1.825,-2.238
-1.825,-2.206
-1.825,-2.175
-1.825,-2.143
-1.825,-2.111
-1.825,-2.079
-1.825,-2.048
-1.825,-2.016
-1.825,-1.984
-1.825,-1.952
-1.825,-1.921
-1.825,-1.889
-1.825,-1.857
-1.825,-1.825
-1.825,-1.794
-1.825,-1.762
-1.825,-1.73
-1.825,-1.698
-1.825,-1.667
-1.825,-1.635
-1.825,-1.603
-1.825,-1.571
-1.825,-1.54
-1.825,-1.508
-1.825,-1.476
-1.825,-1.444
-1.825,-1.413
-1.825,-1.381
-1.825,-1.349
-1.825,-1.317
-1.825,-1.286
-1.825,-1.254
-1.825,-1.222
-1.825,-1.19
-1.825,-1.159
-1.825,-1.127
-1.825,-1.095
-1.825,-1.063
-1.825,-1.032
-1.825,-1.0
-1.794,-3.0
-1.794,-2.968
-1.794,-2.937
-1.794,-2.905
-1.794,-2.873
-1.794,-2.841
-1.794,-2.81
-1.794,-2.778
-1.794,-2.746
-1.794,-2.714
-1.794,-2.683
-1.794,-2.651
-1.794,-2.619
-1.794,-2.587
-1.794,-2.556
-1.794,-2.524
-1.794,-2.492
-1.794,-2.46
-1.794,-2.429
-1.794,-2.397
-1.794,-2.365
-1.794,-2.333
-1.794,-2.302
-1.794,-2.27
-1.794,-2.238
-1.794,-2.206
-1.794,-2.175
-1.794,-2.143
-1.794,-2.111
-1.794,-2.079
-1.794,-2.048
-1.794,-2.016
-1.794,-1.984
-1.794,-1.952
-1.794,-1.921
-1.794,-1.889
-1.794,-1.857
-1.794,-1.825
-1.794,-1.794
-1.794,-1.762
-1.794,-1.73
-1.794,-1.698
-1.794,-1.667
-1.794,-1.635
-1.794,-1.603
-1.794,-1.571
-1.794,-1.54
-1.794,-1.508
-1.794,-1.476
-1.794,-1.444
-1.794,-1.413
-1.794,-1.381
-1.794,-1.349
-1.794,-1.317
-1.794,-1.286
-1.794,-1.254
-1.794,-1.222
-1.794,-1.19
-1.794,-1.159
-1.794,-1.127
-1.794,-1.095
-1.794,-1.063
-1.794,-1.032
-1.794,-1.0
-1.762,-3.0
-1.762,-2.968
-1.762,-2.937
-1.762,-2.905
-1.762,-2.873
-1.762,-2.841
-1.762,-2.81
-1.762,-2.778
-1.762,-2.746
-1.762,-2.714
-1.762,-2.683
-1.762,-2.651
-1.762,-2.619
-1.762,-2.587
-1.762,-2.556
-1.762,-2.524
-1.762,-2.492
-1.762,-2.46
-1.762,-2.429
-1.762,-2.397
-1.762,-2.365
-1.762,-2.333
-1.762,-2.302
-1.762,-2.27
-1.762,-2.238
-1.762,-2.206
-1.762,-2.175
-1.762,-2.143
-1.762,-2.111
-1.762,-2.079
-1.762,-2.048
-1.762,-2.016
-1.762,-1.984
-1.762,-1.952
-1.762,-1.921
-1.762,-1.889
-1.762,-1.857
-1.762,-1.825
-1.762,-1.794
-1.762,-1.762
-1.762,-1.73
-1.762,-1.698
-1.762,-1.667
-1.762,-1.635
-1.762,-1.603
-1.762,-1.571
-1.762,-1.54
-1.762,-1.508
-1.762,-1.476
-1.762,-1.444
-1.762,-1.413
-1.762,-1.381
-1.762,-1.349
-1.762,-1.317
-1.762,-1.286
-1.762,-1.254
-1.762,-1.222
-1.762,-1.19
-1.762,-1.159
-1.762,-1.127
-1.762,-1.095
-1.762,-1.063
-1.762,-1.032
-1.762,-1.0
-1.73,-3.0
-1.73,-2.968
-1.73,-2.937
-1.73,-2.905
-1.73,-2.873
-1.73,-2.841
-1.73,-2.81
-1.73,-2.778
-1.73,-2.746
-1.73,-2.714
-1.73,-2.683
-1.73,-2.651
-1.73,-2.619
-1.73,-2.587
-1.73,-2.556
-1.73,-2.524
-1.73,-2.492
-1.73,-2.46
-1.73,-2.429
-1.73,-2.397
-1.73,-2.365
-1.73,-2.333
-1.73,-2.302
-1.73,-2.27
-1.73,-2.238
-1.73,-2.206
-1.73,-2.175
-1.73,-2.143
-1.73,-2.111
-1.73,-2.079
-1.73,-2.048
-1.73,-2.016
-1.73,-1.984
-1.73,-1.952
-1.73,-1.921
-1.73,-1.889
-1.73,-1.857
-1.73,-1.825
-1.73,-1.794
-1.73,-1.762
-1.73,-1.73
-1.73,-1.698
-1.73,-1.667
-1.73,-1.635
-1.73,-1.603
-1.73,-1.571
-1.73,-1.54
-1.73,-1.508
-1.73,-1.476
-1.73,-1.444
-1.73,-1.413
-1.73,-1.381
-1.73,-1.349
-1.73,-1.317
-1.73,-1.286
-1.73,-1.254
-1.73,-1.222
-1.73,-1.19
-1.73,-1.159
-1.73,-1.127
-1.73,-1.095
-1.73,-1.063
-1.73,-1.032
-1.73,-1.0
-1.698,-3.0
-1.698,-2.968
-1.698,-2.937
-1.698,-2.905
-1.698,-2.873
-1.698,-2.841
-1.698,-2.81
-1.698,-2.778
-1.698,-2.746
-1.698,-2.714
-1.698,-2.683
-1.698,-2.651
-1.698,-2.619
-1.698,-2.587
-1.698,-2.556
-1.698,-2.524
-1.698,-2.492
-1.698,-2.46
-1.698,-2.429
-1.698,-2.397
-1.698,-2.365
-1.698,-2.333
-1.698,-2.302
-1.698,-2.27
-1.698,-2.238
-1.698,-2.206
-1.698,-2.175
-1.698,-2.143
-1.698,-2.111
-1.698,-2.079
-1.698,-2.048
-1.698,-2.016
-1.698,-1.984
-1.698,-1.952
-1.698,-1.921
-1.698,-1.889
-1.698,-1.857
-1.698,-1.825
-1.698,-1.794
-1.698,-1.762
-1.698,-1.73
-1.698,-1.698
-1.698,-1.667
-1.698,-1.635
-1.698,-1.603
-1.698,-1.571
-1.698,-1.54
-1.698,-1.508
-1.698,-1.476
-1.698,-1.444
-1.698,-1.413
-1.698,-1.381
-1.698,-1.349
-1.698,-1.317
-1.698,-1.286
-1.698,-1.254
-1.698,-1.222
-1.698,-1.19
-1.698,-1.159
-1.698,-1.127
-1.698,-1.095
-1.698,-1.063
-1.698,-1.032
-1.698,-1.0
-1.667,-3.0
-1.667,-2.968
-1.667,-2.937
-1.667,-2.905
-1.667,-2.873
-1.667,-2.841
-1.667,-2.81
-1.667,-2.778
-1.667,-2.746
-1.667,-2.714
-1.667,-2.683
-1.667,-2.651
-1.667,-2.619
-1.667,-2.587
-1.667,-2.556
-1.667,-2.524
-1.667,-2.492
-1.667,-2.46
-1.667,-2.429
-1.667,-2.397
-1.667,-2.365
-1.667,-2.333
-1.667,-2.302
-1.667,-2.27
-1.667,-2.238
-1.667,-2.206
-1.667,-2.175
-1.667,-2.143
-1.667,-2.111
-1.667,-2.079
-1.667,-2.048
-1.667,-2.016
-1.667,-1.984
-1.667,-1.952
-1.667,-1.921
-1.667,-1.889
-1.667,-1.857
-1.667,-1.825
-1.667,-1.794
-1.667,-1.762
-1.667,-1.73
-1.667,-1.698
-1.667,-1.667
-1.667,-1.635
-1.667,-1.603
-1.667,-1.571
-1.667,-1.54
-1.667,-1.508
-1.667,-1.476
-1.667,-1.444
-1.667,-1.413
-1.667,-1.381
-1.667,-1.349
-1.667,-1.317
-1.667,-1.286
-1.667,-1.254
-1.667,-1.222
-1.667,-1.19
-1.667,-1.159
-1.667,-1.127
-1.667,-1.095
-1.667,-1.063
-1.667,-1.032
-1.667,-1.0
-1.635,-3.0
-1.635,-2.968
-1.635,-2.937
-1.635,-2.905
-1.635,-2.873
-1.635,-2.841
-1.635,-2.81
-1.635,-2.778
-1.635,-2.746
-1.635,-2.714
-1.635,-2.683
-1.635,-2.651
-1.635,-2.619
-1.635,-2.587
-1.635,-2.556
-1.635,-2.524
-1.635,-2.492
-1.635,-2.46
-1.635,-2.429
-1.635,-2.397
-1.635,-2.365
-1.635,-2.333
-1.635,-2.302
-1.635,-2.27
-1.635,-2.238
-1.635,-2.206
-1.635,-2.175
-1.635,-2.143
-1.635,-2.111
-1.635,-2.079
-1.635,-2.048
-1.635,-2.016
-1.635,-1.984
-1.635,-1.952
-1.635,-1.921
-1.635,-1.889
-1.635,-1.857
-1.635,-1.825
-1.635,-1.794
-1.635,-1.762
-1.635,-1.73
-1.635,-1.698
-1.635,-1.667
-1.635,-1.635
-1.635,-1.603
-1.635,-1.571
-1.635,-1.54
-1.635,-1.508
-1.635,-1.476
-1.635,-1.444
-1.635,-1.413
-1.635,-1.381
-1.635,-1.349
-1.635,-1.317
-1.635,-1.286
-1.635,-1.254
-1.635,-1.222
-1.635,-1.19
-1.635,-1.159
-1.635,-1.127
-1.635,-1.095
-1.635,-1.063
-1.635,-1.032
-1.635,-1.0
-1.603,-3.0
-1.603,-2.968
-1.603,-2.937
-1.603,-2.905
-1.603,-2.873
-1.603,-2.841
-1.603,-2.81
-1.603,-2.778
-1.603,-2.746
-1.603,-2.714
-1.603,-2.683
-1.603,-2.651
-1.603,-2.619
-1.603,-2.587
-1.603,-2.556
-1.603,-2.524
-1.603,-2.492
-1.603,-2.46
-1.603,-2.429
-1.603,-2.397
-1.603,-2.365
-1.603,-2.333
-1.603,-2.302
-1.603,-2.27
-1.603,-2.238
-1.603,-2.206
-1.603,-2.175
-1.603,-2.143
-1.603,-2.111
-1.603,-2.079
-1.603,-2.048
-1.603,-2.016
-1.603,-1.984
-1.603,-1.952
-1.603,-1.921
-1.603,-1.889
-1.603,-1.857
-1.603,-1.825
-1.603,-1.794
-1.603,-1.762
-1.603,-1.73
-1.603,-1.698
-1.603,-1.667
-1.603,-1.635
-1.603,-1.603
-1.603,-1.571
-1.603,-1.54
-1.603,-1.508
-1.603,-1.476
-1.603,-1.444
-1.603,-1.413
-1.603,-1.381
-1.603,-1.349
-1.603,-1.317
-1.603,-1.286
-1.603,-1.254
-1.603,-1.222
-1.603,-1.19
-1.603,-1.159
-1.603,-1.127
-1.603,-1.095
-1.603,-1.063
-1.603,-1.032
-1.603,-1.0
-1.571,-3.0
-1.571,-2.968
-1.571,-2.937
-1.571,-2.905
-1.571,-2.873
-1.571,-2.841
-1.571,-2.81
-1.571,-2.778
-1.571,-2.746
-1.571,-2.714
-1.571,-2.683
-1.571,-2.651
-1.571,-2.619
-1.571,-2.587
-1.571,-2.556
-1.571,-2.524
-1.571,-2.492
-1.571,-2.46
-1.571,-2.429
-1.571,-2.397
-1.571,-2.365
-1.571,-2.333
-1.571,-2.302
-1.571,-2.27
-1.571,-2.238
-1.571,-2.206
-1.571,-2.175
-1.571,-2.143
-1.571,-2.111
-1.571,-2.079
-1.571,-2.048
-1.571,-2.016
-1.571,-1.984
-1.571,-1.952
-1.571,-1.921
-1.571,-1.889
-1.571,-1.857
-1.571,-1.825
-1.571,-1.794
-1.571,-1.762
-1.571,-1.73
-1.571,-1.698
-1.571,-1.667
-1.571,-1.635
-1.571,-1.603
-1.571,-1.571
-1.571,-1.54
-1.571,-1.508
-1.571,-1.476
-1.571,-1.444
-1.571,-1.413
-1.571,-1.381
-1.571,-1.349
-1.571,-1.317
-1.571,-1.286
-1.571,-1.254
-1.571,-1.222
-1.571,-1.19
-1.571,-1.159
-1.571,-1.127
-1.571,-1.095
-1.571,-1.063
-1.571,-1.032
-1.571,-1.0
-1.54,-3.0
-1.54,-2.968
-1.54,-2.937
-1.54,-2.905
-1.54,-2.873
-1.54,-2.841
-1.54,-2.81
-1.54,-2.778
-1.54,-2.746
-1.54,-2.714
-1.54,-2.683
-1.54,-2.651
-1.54,-2.619
-1.54,-2.587
-1.54,-2.556
-1.54,-2.524
-1.54,-2.492
-1.54,-2.46
-1.54,-2.429
-1.54,-2.397
-1.54,-2.365
-1.54,-2.333
-1.54,-2.302
-1.54,-2.27
-1.54,-2.238
-1.54,-2.206
-1.54,-2.175
-1.54,-2.143
-1.54,-2.111
-1.54,-2.079
-1.54,-2.048
-1.54,-2.016
-1.54,-1.984
-1.54,-1.952
-1.54,-1.921
-1.54,-1.889
-1.54,-1.857
-1.54,-1.825
-1.54,-1.794
-1.54,-1.762
-1.54,-1.73
-1.54,-1.698
-1.54,-1.667
-1.54,-1.635
-1.54,-1.603
-1.54,-1.571
-1.54,-1.54
-1.54,-1.508
-1.54,-1.476
-1.54,-1.444
-1.54,-1.413
-1.54,-1.381
-1.54,-1.349
-1.54,-1.317
-1.54,-1.286
-1.54,-1.254
-1.54,-1.222
-1.54,-1.19
-1.54,-1.159
-1.54,-1.127
-1.54,-1.095
-1.54,-1.063
-1.54,-1.032
-1.54,-1.0
-1.508,-3.0
-1.508,-2.968
-1.508,-2.937
-1.508,-2.905
-1.508,-2.873
-1.508,-2.841
-1.508,-2.81
-1.508,-2.778
-1.508,-2.746
-1.508,-2.714
-1.508,-2.683
-1.508,-2.651
-1.508,-2.619
-1.508,-2.587
-1.508,-2.556
-1.508,-2.524
-1.508,-2.492
-1.508,-2.46
-1.508,-2.429
-1.508,-2.397
-1.508,-2.365
-1.508,-2.333
-1.508,-2.302
-1.508,-2.27
-1.508,-2.238
-1.508,-2.206
-1.508,-2.175
-1.508,-2.143
-1.508,-2.111
-1.508,-2.079
-1.508,-2.048
-1.508,-2.016
-1.508,-1.984
-1.508,-1.952
-1.508,-1.921
-1.508,-1.889
-1.508,-1.857
-1.508,-1.825
-1.508,-1.794
-1.508,-1.762
-1.508,-1.73
-1.508,-1.698
-1.508,-1.667
-1.508,-1.635
-1.508,-1.603
-1.508,-1.571
-1.508,-1.54
-1.508,-1.508
-1.508,-1.476
-1.508,-1.444
-1.508,-1.413
-1.508,-1.381
-1.508,-1.349
-1.508,-1.317
-1.508,-1.286
-1.508,-1.254
-1.508,-1.222
-1.508,-1.19
-1.508,-1.159
-1.508,-1.127
-1.508,-1.095
-1.508,-1.063
-1.508,-1.032
-1.508,-1.0
-1.476,-3.0
-1.476,-2.968
-1.476,-2.937
-1.476,-2.905
-1.476,-2.873
-1.476,-2.841
-1.476,-2.81
-1.476,-2.778
-1.476,-2.746
-1.476,-2.714
-1.476,-2.683
-1.476,-2.651
-1.476,-2.619
-1.476,-2.587
-1.476,-2.556
-1.476,-2.524
-1.476,-2.492
-1.476,-2.46
-1.476,-2.429
-1.476,-2.397
-1.476,-2.365
-1.476,-2.333
-1.476,-2.302
-1.476,-2.27
-1.476,-2.238
-1.476,-2.206
-1.476,-2.175
-1.476,-2.143
-1.476,-2.111
-1.476,-2.079
-1.476,-2.048
-1.476,-2.016
-1.476,-1.984
-1.476,-1.952
-1.476,-1.921
-1.476,-1.889
-1.476,-1.857
-1.476,-1.825
-1.476,-1.794
-1.476,-1.762
-1.476,-1.73
-1.476,-1.698
-1.476,-1.667
-1.476,-1.635
-1.476,-1.603
-1.476,-1.571
-1.476,-1.54
-1.476,-1.508
-1.476,-1.476
-1.476,-1.444
-1.476,-1.413
-1.476,-1.381
-1.476,-1.349
-1.476,-1.317
-1.476,-1.286
-1.476,-1.254
-1.476,-1.222
-1.476,-1.19
-1.476,-1.159
-1.476,-1.127
-1.476,-1.095
-1.476,-1.063
-1.476,-1.032
-1.476,-1.0
-1.444,-3.0
-1.444,-2.968
-1.444,-2.937
-1.444,-2.905
-1.444,-2.873
-1.444,-2.841
-1.444,-2.81
-1.444,-2.778
-1.444,-2.746
-1.444,-2.714
-1.444,-2.683
-1.444,-2.651
-1.444,-2.619
-1.444,-2.587
-1.444,-2.556
-1.444,-2.524
-1.444,-2.492
-1.444,-2.46
-1.444,-2.429
-1.444,-2.397
-1.444,-2.365
-1.444,-2.333
-1.444,-2.302
-1.444,-2.27
-1.444,-2.238
-1.444,-2.206
-1.444,-2.175
-1.444,-2.143
-1.444,-2.111
-1.444,-2.079
-1.444,-2.048
-1.444,-2.016
-1.444,-1.984
-1.444,-1.952
-1.444,-1.921
-1.444,-1.889
-1.444,-1.857
-1.444,-1.825
-1.444,-1.794
-1.444,-1.762
-1.444,-1.73
-1.444,-1.698
-1.444,-1.667
-1.444,-1.635
-1.444,-1.603
-1.444,-1.571
-1.444,-1.54
-1.444,-1.508
-1.444,-1.476
-1.444,-1.444
-1.444,-1.413
-1.444,-1.381
-1.444,-1.349
-1.444,-1.317
-1.444,-1.286
-1.444,-1.254
-1.444,-1.222
-1.444,-1.19
-1.444,-1.159
-1.444,-1.127
-1.444,-1.095
-1.444,-1.063
-1.444,-1.032
-1.444,-1.0
-1.413,-3.0
-1.413,-2.968
-1.413,-2.937
-1.413,-2.905
-1.413,-2.873
-1.413,-2.841
-1.413,-2.81
-1.413,-2.778
-1.413,-2.746
-1.413,-2.714
-1.413,-2.683
-1.413,-2.651
-1.413,-2.619
-1.413,-2.587
-1.413,-2.556
-1.413,-2.524
-1.413,-2.492
-1.413,-2.46
-1.413,-2.429
-1.413,-2.397
-1.413,-2.365
-1.413,-2.333
-1.413,-2.302
-1.413,-2.27
-1.413,-2.238
-1.413,-2.206
-1.413,-2.175
-1.413,-2.143
-1.413,-2.111
-1.413,-2.079
-1.413,-2.048
-1.413,-2.016
-1.413,-1.984
-1.413,-1.952
-1.413,-1.921
-1.413,-1.889
-1.413,-1.857
-1.413,-1.825
-1.413,-1.794
-1.413,-1.762
-1.413,-1.73
-1.413,-1.698
-1.413,-1.667
-1.413,-1.635
-1.413,-1.603
-1.413,-1.571
-1.413,-1.54
-1.413,-1.508
-1.413,-1.476
-1.413,-1.444
-1.413,-1.413
-1.413,-1.381
-1.413,-1.349
-1.413,-1.317
-1.413,-1.286
-1.413,-1.254
-1.413,-1.222
-1.413,-1.19
-1.413,-1.159
-1.413,-1.127
-1.413,-1.095
-1.413,-1.063
-1.413,-1.032
-1.413,-1.0
-1.381,-3.0
-1.381,-2.968
-1.381,-2.937
-1.381,-2.905
-1.381,-2.873
-1.381,-2.841
-1.381,-2.81
-1.381,-2.778
-1.381,-2.746
-1.381,-2.714
-1.381,-2.683
-1.381,-2.651
-1.381,-2.619
-1.381,-2.587
-1.381,-2.556
-1.381,-2.524
-1.381,-2.492
-1.381,-2.46
-1.381,-2.429
-1.381,-2.397
-1.381,-2.365
-1.381,-2.333
-1.381,-2.302
-1.381,-2.27
-1.381,-2.238
-1.381,-2.206
-1.381,-2.175
-1.381,-2.143
-1.381,-2.111
-1.381,-2.079
-1.381,-2.048
-1.381,-2.016
-1.381,-1.984
-1.381,-1.952
-1.381,-1.921
-1.381,-1.889
-1.381,-1.857
-1.381,-1.825
-1.381,-1.794
-1.381,-1.762
-1.381,-1.73
-1.381,-1.698
-1.381,-1.667
-1.381,-1.635
-1.381,-1.603
-1.381,-1.571
-1.381,-1.54
-1.381,-1.508
-1.381,-1.476
-1.381,-1.444
-1.381,-1.413
-1.381,-1.381
-1.381,-1.349
-1.381,-1.317
-1.381,-1.286
-1.381,-1.254
-1.381,-1.222
-1.381,-1.19
-1.381,-1.159
-1.381,-1.127
-1.381,-1.095
-1.381,-1.063
-1.381,-1.032
-1.381,-1.0
-1.349,-3.0
-1.349,-2.968
-1.349,-2.937
-1.349,-2.905
-1.349,-2.873
-1.349,-2.841
-1.349,-2.81
-1.349,-2.778
-1.349,-2.746
-1.349,-2.714
-1.349,-2.683
-1.349,-2.651
-1.349,-2.619
-1.349,-2.587
-1.349,-2.556
-1.349,-2.524
-1.349,-2.492
-1.349,-2.46
-1.349,-2.429
-1.349,-2.397
-1.349,-2.365
-1.349,-2.333
-1.349,-2.302
-1.349,-2.27
-1.349,-2.238
-1.349,-2.206
-1.349,-2.175
-1.349,-2.143
-1.349,-2.111
-1.349,-2.079
-1.349,-2.048
-1.349,-2.016
-1.349,-1.984
-1.349,-1.952
-1.349,-1.921
-1.349,-1.889
-1.349,-1.857
-1.349,-1.825
-1.349,-1.794
-1.349,-1.762
-1.349,-1.73
-1.349,-1.698
-1.349,-1.667
-1.349,-1.635
-1.349,-1.603
-1.349,-1.571
-1.349,-1.54
-1.349,-1.508
-1.349,-1.476
-1.349,-1.444
-1.349,-1.413
-1.349,-1.381
-1.349,-1.349
-1.349,-1.317
-1.349,-1.286
-1.349,-1.254
-1.349,-1.222
-1.349,-1.19
-1.349,-1.159
-1.349,-1.127
-1.349,-1.095
-1.349,-1.063
-1.349,-1.032
-1.349,-1.0
-1.317,-3.0
-1.317,-2.968
-1.317,-2.937
-1.317,-2.905
-1.317,-2.873
-1.317,-2.841
-1.317,-2.81
-1.317,-2.778
-1.317,-2.746
-1.317,-2.714
-1.317,-2.683
-1.317,-2.651
-1.317,-2.619
-1.317,-2.587
-1.317,-2.556
-1.317,-2.524
-1.317,-2.492
-1.317,-2.46
-1.317,-2.429
-1.317,-2.397
-1.317,-2.365
-1.317,-2.333
-1.317,-2.302
-1.317,-2.27
-1.317,-2.238
-1.317,-2.206
-1.317,-2.175
-1.317,-2.143
-1.317,-2.111
-1.317,-2.079
-1.317,-2.048
-1.317,-2.016
-1.317,-1.984
-1.317,-1.952
-1.317,-1.921
-1.317,-1.889
-1.317,-1.857
-1.317,-1.825
-1.317,-1.794
-1.317,-1.762
-1.317,-1.73
-1.317,-1.698
-1.317,-1.667
-1.317,-1.635
-1.317,-1.603
-1.317,-1.571
-1.317,-1.54
-1.317,-1.508
-1.317,-1.476
-1.317,-1.444
-1.317,-1.413
-1.317,-1.381
-1.317,-1.349
-1.317,-1.317
-1.317,-1.286
-1.317,-1.254
-1.317,-1.222
-1.317,-1.19
-1.317,-1.159
-1.317,-1.127
-1.317,-1.095
-1.317,-1.063
-1.317,-1.032
-1.317,-1.0
-1.286,-3.0
-1.286,-2.968
-1.286,-2.937
-1.286,-2.905
-1.286,-2.873
-1.286,-2.841
-1.286,-2.81
-1.286,-2.778
-1.286,-2.746
-1.286,-2.714
-1.286,-2.683
-1.286,-2.651
-1.286,-2.619
-1.286,-2.587
-1.286,-2.556
-1.286,-2.524
-1.286,-2.492
-1.286,-2.46
-1.286,-2.429
-1.286,-2.397
-1.286,-2.365
-1.286,-2.333
-1.286,-2.302
-1.286,-2.27
-1.286,-2.238
-1.286,-2.206
-1.286,-2.175
-1.286,-2.143
-1.286,-2.111
-1.286,-2.079
-1.286,-2.048
-1.286,-2.016
-1.286,-1.984
-1.286,-1.952
-1.286,-1.921
-1.286,-1.889
-1.286,-1.857
-1.286,-1.825
-1.286,-1.794
-1.286,-1.762
-1.286,-1.73
-1.286,-1.698
-1.286,-1.667
-1.286,-1.635
-1.286,-1.603
-1.286,-1.571
-1.286,-1.54
-1.286,-1.508
-1.286,-1.476
-1.286,-1.444
-1.286,-1.413
-1.286,-1.381
-1.286,-1.349
-1.286,-1.317
-1.286,-1.286
-1.286,-1.254
-1.286,-1.222
-1.286,-1.19
-1.286,-1.159
-1.286,-1.127
-1.286,-1.095
-1.286,-1.063
-1.286,-1.032
-1.286,-1.0
-1.254,-3.0
-1.254,-2.968
-1.254,-2.937
-1.254,-2.905
-1.254,-2.873
-1.254,-2.841
-1.254,-2.81
-1.254,-2.778
-1.254,-2.746
-1.254,-2.714
-1.254,-2.683
-1.254,-2.651
-1.254,-2.619
-1.254,-2.587
-1.254,-2.556
-1.254,-2.524
-1.254,-2.492
-1.254,-2.46
-1.254,-2.429
-1.254,-2.397
-1.254,-2.365
-1.254,-2.333
-1.254,-2.302
-1.254,-2.27
-1.254,-2.238
-1.254,-2.206
-1.254,-2.175
-1.254,-2.143
-1.254,-2.111
-1.254,-2.079
-1.254,-2.048
-1.254,-2.016
-1.254,-1.984
-1.254,-1.952
-1.254,-1.921
-1.254,-1.889
-1.254,-1.857
-1.254,-1.825
-1.254,-1.794
-1.254,-1.762
-1.254,-1.73
-1.254,-1.698
-1.254,-1.667
-1.254,-1.635
-1.254,-1.603
-1.254,-1.571
-1.254,-1.54
-1.254,-1.508
-1.254,-1.476
-1.254,-1.444
-1.254,-1.413
-1.254,-1.381
-1.254,-1.349
-1.254,-1.317
-1.254,-1.286
-1.254,-1.254
-1.254,-1.222
-1.254,-1.19
-1.254,-1.159
-1.254,-1.127
-1.254,-1.095
-1.254,-1.063
-1.254,-1.032
-1.254,-1.0
-1.222,-3.0
-1.222,-2.968
-1.222,-2.937
-1.222,-2.905
-1.222,-2.873
-1.222,-2.841
-1.222,-2.81
-1.222,-2.778
-1.222,-2.746
-1.222,-2.714
-1.222,-2.683
-1.222,-2.651
-1.222,-2.619
-1.222,-2.587
-1.222,-2.556
-1.222,-2.524
-1.222,-2.492
-1.222,-2.46
-1.222,-2.429
-1.222,-2.397
-1.222,-2.365
-1.222,-2.333
-1.222,-2.302
-1.222,-2.27
-1.222,-2.238
-1.222,-2.206
-1.222,-2.175
-1.222,-2.143
-1.222,-2.111
-1.222,-2.079
-1.222,-2.048
-1.222,-2.016
-1.222,-1.984
-1.222,-1.952
-1.222,-1.921
-1.222,-1.889
-1.222,-1.857
-1.222,-1.825
-1.222,-1.794
-1.222,-1.762
-1.222,-1.73
-1.222,-1.698
-1.222,-1.667
-1.222,-1.635
-1.222,-1.603
-1.222,-1.571
-1.222,-1.54
-1.222,-1.508
-1.222,-1.476
-1.222,-1.444
-1.222,-1.413
-1.222,-1.381
-1.222,-1.349
-1.222,-1.317
-1.222,-1.286
-1.222,-1.254
-1.222,-1.222
-1.222,-1.19
-1.222,-1.159
-1.222,-1.127
-1.222,-1.095
-1.222,-1.063
-1.222,-1.032
-1.222,-1.0
-1.19,-3.0
-1.19,-2.968
-1.19,-2.937
-1.19,-2.905
-1.19,-2.873
-1.19,-2.841
-1.19,-2.81
-1.19,-2.778
-1.19,-2.746
-1.19,-2.714
-1.19,-2.683
-1.19,-2.651
-1.19,-2.619
-1.19,-2.587
-1.19,-2.556
-1.19,-2.524
-1.19,-2.492
-1.19,-2.46
-1.19,-2.429
-1.19,-2.397
-1.19,-2.365
-1.19,-2.333
-1.19,-2.302
-1.19,-2.27
-1.19,-2.238
-1.19,-2.206
-1.19,-2.175
-1.19,-2.143
-1.19,-2.111
-1.19,-2.079
-1.19,-2.048
-1.19,-2.016
-1.19,-1.984
-1.19,-1.952
-1.19,-1.921
-1.19,-1.889
-1.19,-1.857
-1.19,-1.825
-1.19,-1.794
-1.19,-1.762
-1.19,-1.73
-1.19,-1.698
-1.19,-1.667
-1.19,-1.635
-1.19,-1.603
-1.19,-1.571
-1.19,-1.54
-1.19,-1.508
-1.19,-1.476
-1.19,-1.444
-1.19,-1.413
-1.19,-1.381
-1.19,-1.349
-1.19,-1.317
-1.19,-1.286
-1.19,-1.254
-1.19,-1.222
-1.19,-1.19
-1.19,-1.159
-1.19,-1.127
-1.19,-1.095
-1.19,-1.063
-1.19,-1.032
-1.19,-1.0
-1.159,-3.0
-1.159,-2.968
-1.159,-2.937
-1.159,-2.905
-1.159,-2.873
-1.159,-2.841
-1.159,-2.81
-1.159,-2.778
-1.159,-2.746
-1.159,-2.714
-1.159,-2.683
-1.159,-2.651
-1.159,-2.619
-1.159,-2.587
-1.159,-2.556
-1.159,-2.524
-1.159,-2.492
-1.159,-2.46
-1.159,-2.429
-1.159,-2.397
-1.159,-2.365
-1.159,-2.333
-1.159,-2.302
-1.159,-2.27
-1.159,-2.238
-1.159,-2.206
-1.159,-2.175
-1.159,-2.143
-1.159,-2.111
-1.159,-2.079
-1.159,-2.048
-1.159,-2.016
-1.159,-1.984
-1.159,-1.952
-1.159,-1.921
-1.159,-1.889
-1.159,-1.857
-1.159,-1.825
-1.159,-1.794
-1.159,-1.762
-1.159,-1.73
-1.159,-1.698
-1.159,-1.667
-1.159,-1.635
-1.159,-1.603
-1.159,-1.571
-1.159,-1.54
-1.159,-1.508
-1.159,-1.476
-1.159,-1.444
-1.159,-1.413
-1.159,-1.381
-1.159,-1.349
-1.159,-1.317
-1.159,-1.286
-1.159,-1.254
-1.159,-1.222
-1.159,-1.19
-1.159,-1.159
-1.159,-1.127
-1.159,-1.095
-1.159,-1.063
-1.159,-1.032
-1.159,-1.0
-1.127,-3.0
-1.127,-2.968
-1.127,-2.937
-1.127,-2.905
-1.127,-2.873
-1.127,-2.841
-1.127,-2.81
-1.127,-2.778
-1.127,-2.746
-1.127,-2.714
-1.127,-2.683
-1.127,-2.651
-1.127,-2.619
-1.127,-2.587
-1.127,-2.556
-1.127,-2.524
-1.127,-2.492
-1.127,-2.46
-1.127,-2.429
-1.127,-2.397
-1.127,-2.365
-1.127,-2.333
-1.127,-2.302
-1.127,-2.27
-1.127,-2.238
-1.127,-2.206
-1.127,-2.175
-1.127,-2.143
-1.127,-2.111
-1.127,-2.079
-1.127,-2.048
-1.127,-2.016
-1.127,-1.984
-1.127,-1.952
-1.127,-1.921
-1.127,-1.889
-1.127,-1.857
-1.127,-1.825
-1.127,-1.794
-1.127,-1.762
-1.127,-1.73
-1.127,-1.698
-1.127,-1.667
-1.127,-1.635
-1.127,-1.603
-1.127,-1.571
-1.127,-1.54
-1.127,-1.508
-1.127,-1.476
-1.127,-1.444
-1.127,-1.413
-1.127,-1.381
-1.127,-1.349
-1.127,-1.317
-1.127,-1.286
-1.127,-1.254
-1.127,-1.222
-1.127,-1.19
-1.127,-1.159
-1.127,-1.127
-1.127,-1.095
-1.127,-1.063
-1.127,-1.032
-1.127,-1.0
-1.095,-3.0
-1.095,-2.968
-1.095,-2.937
-1.095,-2.905
-1.095,-2.873
-1.095,-2.841
-1.095,-2.81
-1.095,-2.778
-1.095,-2.746
-1.095,-2.714
-1.095,-2.683
-1.095,-2.651
-1.095,-2.619
-1.095,-2.587
-1.095,-2.556
-1.095,-2.524
-1.095,-2.492
-1.095,-2.46
-1.095,-2.429
-1.095,-2.397
-1.095,-2.365
-1.095,-2.333
-1.095,-2.302
-1.095,-2.27
-1.095,-2.238
-1.095,-2.206
-1.095,-2.175
-1.095,-2.143
-1.095,-2.111
-1.095,-2.079
-1.095,-2.048
-1.095,-2.016
-1.095,-1.984
-1.095,-1.952
-1.095,-1.921
-1.095,-1.889
-1.095,-1.857
-1.095,-1.825
-1.095,-1.794
-1.095,-1.762
-1.095,-1.73
-1.095,-1.698
-1.095,-1.667
-1.095,-1.635
-1.095,-1.603
-1.095,-1.571
-1.095,-1.54
-1.095,-1.508
-1.095,-1.476
-1.095,-1.444
-1.095,-1.413
-1.095,-1.381
-1.095,-1.349
-1.095,-1.317
-1.095,-1.286
-1.095,-1.254
-1.095,-1.222
-1.095,-1.19
-1.095,-1.159
-1.095,-1.127
-1.095,-1.095
-1.095,-1.063
-1.095,-1.032
-1.095,-1.0
-1.063,-3.0
-1.063,-2.968
-1.063,-2.937
-1.063,-2.905
-1.063,-2.873
-1.063,-2.841
-1.063,-2.81
-1.063,-2.778
-1.063,-2.746
-1.063,-2.714
-1.063,-2.683
-1.063,-2.651
-1.063,-2.619
-1.063,-2.587
-1.063,-2.556
-1.063,-2.524
-1.063,-2.492
-1.063,-2.46
-1.063,-2.429
-1.063,-2.397
-1.063,-2.365
-1.063,-2.333
-1.063,-2.302
-1.063,-2.27
-1.063,-2.238
-1.063,-2.206
-1.063,-2.175
-1.063,-2.143
-1.063,-2.111
-1.063,-2.079
-1.063,-2.048
-1.063,-2.016
-1.063,-1.984
-1.063,-1.952
-1.063,-1.921
-1.063,-1.889
-1.063,-1.857
-1.063,-1.825
-1.063,-1.794
-1.063,-1.762
-1.063,-1.73
-1.063,-1.698
-1.063,-1.667
-1.063,-1.635
-1.063,-1.603
-1.063,-1.571
-1.063,-1.54
-1.063,-1.508
-1.063,-1.476
-1.063,-1.444
-1.063,-1.413
-1.063,-1.381
-1.063,-1.349
-1.063,-1.317
-1.063,-1.286
-1.063,-1.254
-1.063,-1.222
-1.063,-1.19
-1.063,-1.159
-1.063,-1.127
-1.063,-1.095
-1.063,-1.063
-1.063,-1.032
-1.063,-1.0
-1.032,-3.0
-1.032,-2.968
-1.032,-2.937
-1.032,-2.905
-1.032,-2.873
-1.032,-2.841
-1.032,-2.81
-1.032,-2.778
-1.032,-2.746
-1.032,-2.714
-1.032,-2.683
-1.032,-2.651
-1.032,-2.619
-1.032,-2.587
-1.032,-2.556
-1.032,-2.524
-1.032,-2.492
-1.032,-2.46
-1.032,-2.429
-1.032,-2.397
-1.032,-2.365
-1.032,-2.333
-1.032,-2.302
-1.032,-2.27
-1.032,-2.238
-1.032,-2.206
-1.032,-2.175
-1.032,-2.143
-1.032,-2.111
-1.032,-2.079
-1.032,-2.048
-1.032,-2.016
-1.032,-1.984
-1.032,-1.952
-1.032,-1.921
-1.032,-1.889
-1.032,-1.857
-1.032,-1.825
-1.032,-1.794
-1.032,-1.762
-1.032,-1.73
-1.032,-1.698
-1.032,-1.667
-1.032,-1.635
-1.032,-1.603
-1.032,-1.571
-1.032,-1.54
-1.032,-1.508
-1.032,-1.476
-1.032,-1.444
-1.032,-1.413
-1.032,-1.381
-1.032,-1.349
-1.032,-1.317
-1.032,-1.286
-1.032,-1.254
-1.032,-1.222
-1.032,-1.19
-1.032,-1.159
-1.032,-1.127
-1.032,-1.095
-1.032,-1.063
-1.032,-1.032
-1.032,-1.0
-1.0,-3.0
-1.0,-2.968
-1.0,-2.937
-1.0,-2.905
-1.0,-2.873
-1.0,-2.841
-1.0,-2.81
-1.0,-2.778
-1.0,-2.746
-1.0,-2.714
-1.0,-2.683
-1.0,-2.651
-1.0,-2.619
-1.0,-2.587
-1.0,-2.556
-1.0,-2.524
-1.0,-2.492
-1.0,-2.46
-1.0,-2.429
-1.0,-2.397
-1.0,-2.365
-1.0,-2.333
-1.0,-2.302
-1.0,-2.27
-1.0,-2.238
-1.0,-2.206
-1.0,-2.175
-1.0,-2.143
-1.0,-2.111
-1.0,-2.079
-1.0,-2.048
-1.0,-2.016
-1.0,-1.984
-1.0,-1.952
-1.0,-1.921
-1.0,-1.889
-1.0,-1.857
-1.0,-1.825
-1.0,-1.794
-1.0,-1.762
-1.0,-1.73
-1.0,-1.698
-1.0,-1.667
-1.0,-1.635
-1.0,-1.603
-1.0,-1.571
-1.0,-1.54
-1.0,-1.508
-1.0,-1.476
-1.0,-1.444
-1.0,-1.413
-1.0,-1.381
-1.0,-1.349
-1.0,-1.317
-1.0,-1.286
-1.0,-1.254
-1.0,-1.222
-1.0,-1.19
-1.0,-1.159
-1.0,-1.127
-1.0,-1.095
-1.0,-1.063
-1.0,-1.032
-1.0,-1.0
-2.3957812067584427,-2.992857142857143
-2.3957812067584427,-2.9785714285714286
-2.3957812067584427,-2.9642857142857144
-2.3957812067584427,-2.95
-2.3814954924727285,-2.992857142857143
-2.3814954924727285,-2.9785714285714286
-2.3814954924727285,-2.9642857142857144
-2.3814954924727285,-2.95
-2.3672097781870143,-2.992857142857143
-2.3672097781870143,-2.9785714285714286
-2.3672097781870143,-2.9642857142857144
-2.3672097781870143,-2.95
-2.3529240639013,-2.992857142857143
-2.3529240639013,-2.9785714285714286
-2.3529240639013,-2.9642857142857144
-2.3529240639013,-2.95
-2.338638349615586,-2.992857142857143
-2.338638349615586,-2.9785714285714286
-2.338638349615586,-2.9642857142857144
-2.338638349615586,-2.95
-2.3243526353298716,-2.992857142857143
-2.3243526353298716,-2.9785714285714286
-2.3243526353298716,-2.9642857142857144
-2.3243526353298716,-2.95
-2.3100669210441573,-2.992857142857143
-2.3100669210441573,-2.9785714285714286
-2.3100669210441573,-2.9642857142857144
-2.3100669210441573,-2.95
-2.295781206758443,-2.992857142857143
-2.295781206758443,-2.9785714285714286
-2.295781206758443,-2.9642857142857144
-2.295781206758443,-2.95
-2.345781206758443,-3.0
